year,combinedStatus,fullName,sortName,primaryNationality,secondaryNationality,tertiaryNationality,gender,photoUrl,photoCredit,type,lastStatus,typeOfDeath,status,employedAs,organizations,jobs,coverage,mediums,country,location,region,state,locality,province,localOrForeign,sourcesOfFire,motiveConfirmed,accountabilityCrossfire,accountabilityAssignment,impunityMurder,tortured,captive,threatened,charges,motive,lengthOfSentence,healthProblems,impCountry,entry,sentenceDate,sentence,locationImprisoned
2018,Confirmed,Abadullah Hananzai,,Afghanistan,,,Male,,,Journalist,Killed,Murder,Killed,Staff,"Radio Azadi,Radio Free Europe/Radio Liberty",Producer,"Crime,Politics,War","Radio,Internet",Afghanistan,Kabul,,,Kabul,,Local,Political Group,Confirmed,,,Complete Impunity,No,No,No,,,,,,,,,
,Confirmed,Abdul Manan Arghand,,Afghanistan,,,Male,,,Journalist,Killed,Murder,Killed,Staff,Kabul News,Broadcast Reporter,"Politics,War",Television,Afghanistan,Kandahar,,,Kandahar,,Local,Political Group,Confirmed,,,Complete Impunity,No,No,Yes,,,,,,,,,
,Confirmed,Abdul Rahman Ismael Yassin,,Syria,,,Male,,,Journalist,Killed,Crossfire,Killed,Staff,Hammouriyeh Media Office,"Photographer,Internet Reporter",War,Internet,Syria,Hammouriyeh,,,Hammouriyeh,eastern Ghouta,Local,Military Officials,Confirmed,No,,,,,,,,,,,,,,
,Confirmed,Abdullah al-Qadry,,Yemen,,,Male,,,Journalist,Killed,Crossfire,Killed,Staff,Belqees TV,"Camera Operator,Photographer",War,Television,Yemen,Qaniyah,,,Qaniyah,Bayda,Local,Political Group,Confirmed,No,,,,,,,,,,,,,,
,Confirmed,Ahmed Abu Hussein,,Israel and the Occupied Palestinian Territory,,,Male,,,Journalist,Killed,Dangerous Assignment,Killed,Staff,"Voice of the People Radio,Bisan News Agency",Photographer,"Human Rights,Politics,War",Internet,Israel and the Occupied Palestinian Territory,Jabalia,,,Jabalia,Northern Gaza,Local,Military Officials,Confirmed,,No,,,,,,,,,,,,,
,Confirmed,Ali Saleemi,,Afghanistan,,,Male,,,Journalist,Killed,Murder,Killed,Staff,Mashal TV,"Broadcast Reporter,Camera Operator","Politics,War",Television,Afghanistan,Kabul,,,Kabul,,Local,Political Group,Confirmed,,,Complete Impunity,No,No,No,,,,,,,,,
,Confirmed,Ángel Eduardo Gahona,,Nicaragua,,,Male,https://cpj-photos.s3.amazonaws.com/Angel%20Gahona_Migueliuth%20Sandoval-2018-05-11-1526073358034.jpg,Migueliuth Sandoval,Journalist,Killed,Dangerous Assignment,Killed,Staff,El Meridiano,"Broadcast Reporter,Internet Reporter,Producer","Business,Crime,Culture,Politics","Television,Internet",Nicaragua,Bluefields,,,Bluefields,,Local,"Government Officials,Local Residents",Confirmed,,No,,,,,,,,,,,,,
,Confirmed,Bashar al-Attar,,Syria,,,Male,,,Journalist,Killed,Crossfire,Killed,Staff,Arbin Unified Media Office,Photographer,War,Internet,Syria,Arbin,,,Arbin,eastern Ghouta,Local,Military Officials,Confirmed,No,,,,,,,,,,,,,,
,Confirmed,Gerald Fischman,,USA,,,Male,https://cpj-photos.s3.amazonaws.com/CG_gerald-fis_1-2018-07-02-1530565716075.jpg,Baltimore Sun Media Group,Journalist,Killed,Murder,Killed,Staff,Capital Gazette,"Columnist/Commentator,Editor","Business,Crime,Culture,Politics","Internet,Print",USA,"Annapolis, Maryland",,Maryland,"Annapolis, Maryland",,Local,Local Residents,Confirmed,,,Complete Impunity,No,No,Yes,,,,,,,,,
,Confirmed,Ghazi Rasooli,,Afghanistan,,,Male,,,Journalist,Killed,Murder,Killed,Staff,1TV,Broadcast Reporter,"Crime,Politics,War","Internet,Television",Afghanistan,Kabul,,,Kabul,,Local,Political Group,Confirmed,,,Complete Impunity,No,No,No,,,,,,,,,
,Confirmed,Ibrahim al-Munjar,,Syria,,,Male,,,Journalist,Killed,Murder,Killed,Staff,Sy24,Internet Reporter,"Human Rights,War",Internet,Syria,Saida,,,Saida,Daraa,Local,Political Group,Confirmed,,,Complete Impunity,No,No,Yes,,,,,,,,,
,Confirmed,Ján Kuciak,,Slovakia,,,Male,https://cpj-photos.s3.amazonaws.com/AP-Slovakia-2018-03-02-1520003922512.jpg,AP/Bundas Engler,Journalist,Killed,Murder,Killed,Staff,Aktuality,Internet Reporter,"Business,Corruption,Crime,Politics",Internet,Slovakia,Velká Mača,,,Velká Mača,,Local,"Criminal Group,Government Officials",Confirmed,,,Complete Impunity,No,No,Yes,,,,,,,,,
,Confirmed,Jefferson Pureza Lopes,,Brazil,,,Male,,,Journalist,Killed,Murder,Killed,Staff,Beira Rio FM,Broadcast Reporter,"Corruption,Crime,Politics",Radio,Brazil,Goiás,,Goiás,,,Local,"Criminal Group,Political Group,Government Officials",Confirmed,,,Complete Impunity,No,No,Yes,,,,,,,,,
,Confirmed,John McNamara,,USA,,,Male,https://cpj-photos.s3.amazonaws.com/CG-john-mcnam_1-2018-07-02-1530566141593.jpg,Baltimore Sun Media Group,Journalist,Killed,Murder,Killed,Staff,Capital Gazette,"Editor,Internet Reporter,Print Reporter",Sports,"Internet,Print",USA,"Annapolis, Maryland",,Maryland,"Annapolis, Maryland",,Local,Local Residents,Confirmed,,,Complete Impunity,No,No,Yes,,,,,,,,,
,Confirmed,Juan Javier Ortega Reyes,,Ecuador,,,Male,https://cpj-photos.s3.amazonaws.com/Ec_Ortega1-2018-05-01-1525211691191.jpg,Ortega Family,Journalist,Killed,Murder,Killed,Staff,El Comercio,Print Reporter,"Corruption,Crime,Politics,Human Rights",Print,Colombia,,,,,,Foreign,Political Group,Confirmed,,,Complete Impunity,Yes,Yes,No,,,,,,,,,
,Confirmed,Kamel abu al-Walid,,Syria,,,Male,,,Journalist,Killed,Crossfire,Killed,Staff,Jarabulus Media Office,Photographer,War,Internet,Syria,Afrin,,,Afrin,,Local,Military Officials,Confirmed,No,,,,,,,,,,,,,,
,Confirmed,Leobardo Vázquez Atzin,,Mexico,,,Male,,,Journalist,Killed,Murder,Killed,Staff,Enlace Informativo Regional,Internet Reporter,"Corruption,Crime,Politics",Internet,Mexico,Gutiérrez Zamora,,Veracruz,Gutiérrez Zamora,,Local,Government Officials,Confirmed,,,Complete Impunity,No,No,Yes,,,,,,,,,
,Confirmed,Leslie Ann Pamela Montenegro del Real,,Mexico,,,Female,,,Journalist,Killed,Murder,Killed,Staff,El Sillón,"Internet Reporter,Columnist/Commentator","Politics,Culture",Internet,Mexico,Acapulco,,Guerrero,Acapulco,,Local,"Criminal Group,Government Officials",Confirmed,,,Complete Impunity,No,No,Yes,,,,,,,,,
,Confirmed,Maharram Durrani,,Afghanistan,,,Female,,,Journalist,Killed,Murder,Killed,Staff,"Radio Azadi,Radio Free Europe/Radio Liberty","Internet Reporter,Producer","Politics,War","Radio,Internet",Afghanistan,Kabul,,,Kabul,,Local,Political Group,Confirmed,,,Complete Impunity,No,No,No,,,,,,,,,
,Confirmed,Mohammad al-Qadasi,,Yemen,,,Male,,,Journalist,Killed,Crossfire,Killed,Staff,Belqees TV,Photographer,War,"Internet,Television",Yemen,al-Khayami,,Taiz,al-Khayami,,Local,Political Group,Confirmed,No,,,,,,,,,,,,,,
,Confirmed,Mustafa Salamah,,Syria,,,Male,,,Journalist,Killed,Crossfire,Killed,Staff,Sama TV,Broadcast Reporter,War,Television,Syria,Mashara,,,Mashara,Quneitra,Local,Political Group,Confirmed,No,,,,,,,,,,,,,,
,Confirmed,Navin Nischal,,India,,,Male,,,Journalist,Killed,Murder,Killed,Freelance,Dainik Bhaskar,Print Reporter,Politics,Print,India,Arrah,,Bihar,Arrah,Bhojpur,Local,"Government Officials,Criminal Group",Confirmed,,,Complete Impunity,No,No,No,,,,,,,,,
,Confirmed,Nowroz Ali Rajabi,,Afghanistan,,,Male,,,Journalist,Killed,Murder,Killed,Staff,1TV,Camera Operator,"Crime,Politics,War","Internet,Television",Afghanistan,Kabul,,,Kabul,,Local,Political Group,Confirmed,,,,No,No,No,,,,,,,,,
,Confirmed,Obeida abu Omar,,Syria,,,Male,,,Journalist,Killed,Crossfire,Killed,Staff,Damaski Media Agency,Internet Reporter,War,Internet,Syria,Ein Tirma,,eastern Ghouta,Ein Tirma,,Local,Military Officials,Confirmed,No,,,,,,,,,,,,,,
,Confirmed,Paúl Rivas Bravo,,Ecuador,,,Male,https://cpj-photos.s3.amazonaws.com/Ec_Rivas1-2018-05-01-1525211993321.jpg,Rivas Family,Journalist,Killed,Murder,Killed,Staff,El Comercio,Photographer,"Culture,Human Rights,Politics,Sports",Print,Colombia,,,,,,Foreign,Political Group,Confirmed,,,Complete Impunity,Yes,Yes,No,,,,,,,,,
,Confirmed,Rob Hiaasen,,USA,,,Male,https://cpj-photos.s3.amazonaws.com/CG-rob-hiaase_2-2018-07-02-1530566247791.jpg,Baltimore Sun Media Group,Journalist,Killed,Murder,Killed,Staff,Capital Gazette,"Columnist/Commentator,Editor","Business,Culture,Politics,Sports","Internet,Print",USA,"Annapolis, Maryland",,Maryland,"Annapolis, Maryland",,Local,Local Residents,Confirmed,,,Complete Impunity,No,No,Yes,,,,,,,,,
,Confirmed,Sabawoon Kakar,,Afghanistan,,,Male,,,Journalist,Killed,Murder,Killed,Staff,"Radio Azadi,Radio Free Europe/Radio Liberty",Producer,"Culture,Politics,War","Print,Radio,Internet,Television",Afghanistan,Kabul,,,Kabul,,Local,Political Group,Confirmed,,,Complete Impunity,No,No,No,,,,,,,,,
,Confirmed,Saleem Talash,,Afghanistan,,,Male,,,Journalist,Killed,Murder,Killed,Staff,Mashal TV,Broadcast Reporter,"Politics,War",Television,Afghanistan,Kabul,,,Kabul,,Local,Political Group,Confirmed,,,Complete Impunity,No,No,No,,,,,,,,,
,Confirmed,Sandeep Sharma,,India,,,Male,,,Journalist,Killed,Murder,Killed,Staff,News World,Broadcast Reporter,Corruption,Television,India,Ghazipur district,,Ghazipur district,,Uttar Pradesh,Local,Criminal Group,Confirmed,,,Complete Impunity,No,No,Yes,,,,,,,,,
,Confirmed,Shah Marai,,Afghanistan,,,Male,https://cpj-photos.s3.amazonaws.com/Marai-KilledCap-2018-05-02-1525271756917.jpg,AFP,Journalist,Killed,Murder,Killed,Staff,Agence France-Presse,Photographer,War,"Print,Internet",Afghanistan,Kabul,,,Kabul,,Local,Political Group,Confirmed,,,Complete Impunity,No,No,No,,,,,,,,,
,Confirmed,Shujaat Bukhari,,India,,,Male,https://cpj-photos.s3.amazonaws.com/Bukhari%202%20AP-2018-06-22-1529700255957.jpg,AP/Bikas Das,Journalist,Killed,Murder,Killed,Staff,Rising Kashmir,"Editor,Print Reporter","Human Rights,Politics",Print,India,Srinagar city,,Jammu and Kashmir,Srinagar city,,Local,Unknown Fire,Confirmed,,,Complete Impunity,No,No,Yes,,,,,,,,,
,Confirmed,Wendi Winters,,USA,,,Female,https://cpj-photos.s3.amazonaws.com/CG_wendi-winters_2-2018-07-02-1530566269734.jpg,Baltimore Sun Media Group,Journalist,Killed,Murder,Killed,Staff,Capital Gazette,"Internet Reporter,Print Reporter","Business,Culture,Sports","Internet,Print",USA,"Annapolis, Maryland",,Maryland,"Annapolis, Maryland",,Local,Local Residents,Confirmed,,,Complete Impunity,No,No,Yes,,,,,,,,,
,Confirmed,Yar Mohammad Tokhi,,Afghanistan,,,Male,,,Journalist,Killed,Murder,Killed,Staff,TOLO News,Camera Operator,"Politics,War","Internet,Television",Afghanistan,Kabul,,,Kabul,,Local,Political Group,Confirmed,,,Complete Impunity,No,No,No,,,,,,,,,
,Confirmed,Yaser Murtaja,,Israel and the Occupied Palestinian Territory,,,Male,https://cpj-photos.s3.amazonaws.com/FB-IOPT-2018-04-10-1523368616649.jpg,Facebook/Yaser Murtaja,Journalist,Killed,Dangerous Assignment,Killed,Staff,Ain Media,"Camera Operator,Photographer,Producer","Human Rights,Politics","Internet,Television",Israel and the Occupied Palestinian Territory,Khan Yunis,,Gaza Strip,Khan Yunis,,Local,Military Officials,Confirmed,,No,,,,,,,,,,,,,
2017,Confirmed,Abdul Hakim Shimul,,Bangladesh,,,Male,,,Journalist,Killed,Dangerous Assignment,Killed,Staff,Samakal,Print Reporter,Politics,Print,Bangladesh,Shahjadpur,,,Shahjadpur,,Local,Government Officials,Confirmed,,,Complete Impunity,,,,,,,,,,,,
,Confirmed,Abdullahi Osman Moalim,,Somalia,,,Male,,,Journalist,Killed,Murder,Killed,Staff,"Jubbaland TV, Codka Hiraan",Broadcast reporter,Politics,"Radio,Television",Somalia,Beledweyne,,Hiraan,Beledweyne,,Local,Political Group,Confirmed,,,Complete Impunity,No,No,No,,,,,,,,,
,Confirmed,Alaa Kraym (Mohammed al-Qabouni),,Syria,,,Male,,,Journalist,Killed,Crossfire,Killed,Freelance,Qaboun Media Center,"Camera Operator,Photographer,Internet Reporter","War,Human Rights",Internet,Syria,Qaboun,,,Qaboun,,Local,Military Officials,Confirmed,No,,,,,,,,,,,,,,
,Confirmed,Ali Nur Siad,,Somalia,,,Male,https://cpj-photos.s3.amazonaws.com/Ali-Killed-2017-11-01-1509569705517.jpg,Bakar Hassan Abdi,Journalist,Killed,Dangerous Assignment,Killed,Freelance,Voice of America,Camera Operator,"Politics,Culture,Human Rights,Sports,Business",Television,Somalia,Mogadishu,,,Mogadishu,,Local,Political Group,Confirmed,,No,,,,,,,,,,,,,
,Confirmed,Arkan Sharifi,,Iraq,,,Male,,,Journalist,Killed,Murder,Killed,Staff,Kurdistan TV,Camera Operator,"Politics,War",Television,Iraq,Daquq,,,Daquq,Kirkuk,Local,"Political Group,Paramilitary Group",Confirmed,,,Complete Impunity,Yes,No,No,,,,,,,,,
,Confirmed,Cecilio Pineda Birto,,Mexico,,,Male,,,Journalist,Killed,Murder,Killed,Freelance,Freelance,"Internet Reporter,Print Reporter","Crime,Corruption","Print,Internet",Mexico,"Ciudad Altamirano, Guerrero",,,"Ciudad Altamirano, Guerrero",,Local,Unknown Fire,Confirmed,,,Complete Impunity,No,No,Yes,,,,,,,,,
,Confirmed,Christopher Allen,,USA,,,Male,https://cpj-photos.s3.amazonaws.com/ChrisAllen_EELUKS-1-2017-09-05-1504629172625.jpg,Eddie Einbender-Luks,Journalist,Killed,Crossfire,Killed,Freelance,Freelance,"Photographer,Internet Reporter,Print Reporter","War,Corruption,Politics","Print,Internet",South Sudan,Kaya,,Yei River,Kaya,,Foreign,Military Officials,Confirmed,No,,,,,,,,,,,,,,
,Confirmed,Christopher Iban Lozada,,Philippines,,,Male,,,Journalist,Killed,Murder,Killed,Staff,DBXF Prime Broadcasting Network,Broadcast Reporter,"Corruption,Politics",Radio,Philippines,,,,,,Local,Government Officials,Confirmed,,,Complete Impunity,No,No,No,,,,,,,,,
,Confirmed,Daphne Caruana Galizia,,Malta,,,Female,https://cpj-photos.s3.amazonaws.com/AFP-Galizia-1-2017-10-18-1508361773940.jpg,AFP/Matthew Mirabelli,Journalist,Killed,Murder,Killed,Freelance,Running Commentary,Internet Reporter,"Business,Corruption,Crime,Human Rights,Politics",Internet,Malta,,,,,,Local,Criminal Group,Confirmed,,,Complete Impunity,No,No,Yes,,,,,,,,,
,Confirmed,Dilshan Ibash,,Syria,,,Female,https://cpj-photos.s3.amazonaws.com/Killed-Cap-Dilshan-Ibash-2017-10-18-1508360812692.jpg,Dilshan Ibash,Journalist,Killed,Crossfire,Killed,Staff,Hawar News Agency (ANHA),"Broadcast Reporter,Internet Reporter",War,"Television,Internet",Syria,Abu Fas Village,,,Abu Fas Village,,Local,Political Group,Confirmed,No,,,,,,,,,,,,,,
,Confirmed,Dmitry Popkov,,Russia,,,Male,https://cpj-photos.s3.amazonaws.com/Dmitrii-Popkov-2017-06-30-1498839899942.jpg,Yulia Mullabayeva/Ton-M,Journalist,Killed,Murder,Killed,Staff,Ton-M,"Editor,Print Reporter","Corruption,Politics","Print,Internet",Russia,Minusinsk,Siberia,,Minusinsk,,Local,Government Officials,Confirmed,,,Complete Impunity,No,No,Yes,,,,,,,,,
,Confirmed,Edgar Daniel Esqueda Castro,,Mexico,,,Male,https://cpj-photos.s3.amazonaws.com/Mexico-killed-2017-11-01-1509570467051.jpg,Jan-Albert Hootsen,Journalist,Killed,Murder,Killed,Freelance,Freelance,Photographer,"Crime,Culture",Internet,Mexico,San Luis Potosí,,San Luis Potosí,San Luis Potosí,,Local,"Criminal Group,Government Officials",Confirmed,,,Complete Impunity,Yes,Yes,Yes,,,,,,,,,
,Confirmed,Gauri Lankesh,,India,,,Female,https://cpj-photos.s3.amazonaws.com/AFP-Lankesh-1-2017-09-07-1504816619926.jpg,(AFP/Punit Paranjpe),Journalist,Killed,Murder,Killed,Staff,Gauri Lankesh Patrike,"Publisher / Owner,Columnist / Commentator","Corruption,Human Rights,Politics","Print,Internet",India,Bangalore,,Karnataka,Bangalore,,Local,Political Group,Confirmed,,,Complete Impunity,No,No,Yes,,,,,,,,,
,Confirmed,Habibollah Hosseinzadeh,,Afghanistan,,,Male,,,Journalist,Killed,Dangerous Assignment,Killed,Staff,Press TV,Camera Operator,War,Television,Afghanistan,Kabul,,,Kabul,,Local,Political Group,Confirmed,,No,,,,,,,,,,,,,
,Confirmed,Harb Hazzah al-Duleimi,,Iraq,,,Male,,,Journalist,Killed,Crossfire,Killed,Staff,Hona Salaheddin,Broadcast Reporter,"Culture,Human Rights,Politics,War,Sports",Television,Iraq,"Imam Gharbi, near Mosul",,,"Imam Gharbi, near Mosul",,Local,Political Group,Confirmed,No,,,,,,,,,,,,,,
,Confirmed,Hawker Faisal Mohammed,,Syria,,,Male,https://cpj-photos.s3.amazonaws.com/Killed-Cap-Hawker-Faisal-%20Mohammed-2017-10-18-1508362507681.jpg,Hawker Faisal Mohammed,Journalist,Killed,Crossfire,Killed,Staff,Hawar News Agency (ANHA),"Broadcast Reporter,Camera Operator",War,"Television,Internet",Syria,Abu Fas Village,,,Abu Fas Village,,Local,Political Group,Confirmed,No,,,,,,,,,,,,,,
,Confirmed,Hussain Nazari,,Afghanistan,,,Male,,,Journalist,Killed,Dangerous Assignment,Killed,Staff,Rah-E-Farda Radio and Television,Camera Operator,Politics,"Radio,Television",Afghanistan,Kabul,,,Kabul,,Local,Political Group,Confirmed,,No,,,,,,,,,,,,,
,Confirmed,Javier Valdez Cárdenas,,Mexico,,,Male,https://devnlbscpjdm.s3.amazonaws.com/https-/%2Fcpj.org/killed/11222011JavierValdezCardenasAFPGettyMichaelNagle.jpg,AFP/Getty,Journalist,Killed,Murder,Killed,Staff,Ríodoce,"Internet Reporter,Print Reporter","Corruption,Crime,Politics","Print,Internet",Mexico,"Culiacán, Sinaloa",,,"Culiacán, Sinaloa",,Local,Criminal Group,Confirmed,,,Complete Impunity,No,No,Yes,,,,,,,,,
,Confirmed,Joaquin Briones,,Philippines,,,Male,,,Journalist,Killed,Murder,Killed,Staff,Remate,Print Reporter,"Crime,Politics",Print,Philippines,"Milagros, Masbate",,,"Milagros, Masbate",,Local,Unknown Fire,Confirmed,,,Complete Impunity,No,No,Yes,,,,,,,,,
,Confirmed,Karam Kabishou,,Syria,,,Male,,,Journalist,Killed,Crossfire,Killed,Staff,Sama TV,Camera Operator,"War,Culture",Television,Syria,Umm Haratin,,,Umm Haratin,Idlib,Local,"Political Group,Paramilitary Group",Confirmed,No,,,,,,,,,,,,,,
,Confirmed,Khaled al-Khateb,,Syria,,,Male,,,Journalist,Killed,Crossfire,Killed,Freelance,RT,"Broadcast Reporter,Camera Operator",War,Television,Syria,Sukhna,,,Sukhna,Homs,Local,Political Group,Confirmed,No,,,,,,,,,,,,,,
,Confirmed,Kim Wall,,Sweden,,,Female,https://cpj-photos.s3.amazonaws.com/Kim%20Wall-1-2017-08-30-1504125125586.jpg,Tom Wall,Journalist,Killed,Dangerous Assignment,Killed,Freelance,Freelance,Print Reporter,"Culture,Human Rights,Politics",Print,Denmark,Copenhagen,,,Copenhagen,,Foreign,Local Residents,Confirmed,,Yes,,,,,,,,,,,,,
,Confirmed,Louay Sadiq Meshaal,,Iraq,,,Male,,,Journalist,Killed,Crossfire,Killed,Staff,Al-Nujaba TV,"Photographer,Camera Operator",War,"Internet,Television",Iraq,Salman,Salahuddin Governorate,,Salman,Kirkuk,Local,Political Group,Confirmed,No,,,,,,,,,,,,,,
,Confirmed,Luís Gustavo da Silva,,Brazil,,,Male,,,Journalist,Killed,Murder,Killed,Freelance,Freelance,Internet Reporter,"Corruption,Crime",Internet,Brazil,Aquiraz,,Ceará,Aquiraz,,Local,Criminal Group,Confirmed,,,Complete Impunity,No,No,No,,,,,,,,,
,Confirmed,María Efigenia Vásquez Astudillo,,Colombia,,,Female,,,Journalist,Killed,Crossfire,Killed,Staff,Renacer Kokonuko,Broadcast Reporter,Culture,Radio,Colombia,,,,,,Local,"Local Residents,Military Officials",Confirmed,No,,,,,,,,,,,,,,
,Confirmed,Maximino Rodríguez,,Mexico,,,Male,,,Journalist,Killed,Murder,Killed,Freelance,Freelance,"Columnist / Commentator,Internet Reporter","Corruption,Crime,Politics",Internet,Mexico,"La Paz, Baja California Sur",,,"La Paz, Baja California Sur",,Local,Criminal Group,Confirmed,,,Complete Impunity,No,No,Yes,,,,,,,,,
,Confirmed,Miroslava Breach Velducea,,Mexico,,,Female,,,Journalist,Killed,Murder,Killed,Staff,La Jornada,"Print Reporter,Internet Reporter","Crime,Politics","Print,Internet",Mexico,Chihuahua,,,Chihuahua,,Local,Criminal Group,Confirmed,,,Complete Impunity,No,No,Yes,,,,,,,,,
,Confirmed,Mohamed Abazied (George Samara),,Syria,,,Male,https://devnlbscpjdm.s3.amazonaws.com/https-/%2Fcpj.org/killed/AbaziedMoawyaAlZoaby.jpg,Photo: Moawya Al-Zoaby,Journalist,Killed,Crossfire,Killed,Staff,Nabd Syria Satellite Station/ Syria Media Organization (SMO),Broadcast Reporter,War,"Television,Internet",Syria,Daraa,,,Daraa,,Local,Military Officials,Confirmed,,,,,,,,,,,,,,,
,Confirmed,Nikolai Andrushchenko,,Russia,,,Male,https://devnlbscpjdm.s3.amazonaws.com/https-/%2Fcpj.org/killed/10092916RussiaStPeteNikolaiAndrushchenko-DenisUsovVERT.jpg,Denis Usov,Journalist,Killed,Murder,Killed,Staff,Novy Peterburg,"Internet Reporter,Print Reporter","Corruption,Politics","Print,Internet",Russia,St. Petersburg,,,St. Petersburg,,Local,Unknown Fire,Confirmed,,,Complete Impunity,No,No,Yes,,,,,,,,,
,Confirmed,Osama Nasr al-Zoabi,,Syria,,,Male,https://cpj-photos.s3.amazonaws.com/Syria-1-2017-09-01-1504292013263.jpg,Syrian Media Organization,Journalist,Killed,Crossfire,Killed,Staff,Syrian Media Organization (SMO),"Broadcast Reporter,Camera Operator",War,"Internet,Television",Syria,Daraa,,,,Daraa,Local,Military Officials,Confirmed,No,,,,,,,,,,,,,,
,Confirmed,Qais al-Jazar (Qais al-Qadhi),,Syria,,,Male,,,Journalist,Killed,Crossfire,Killed,Staff,Al-Jisr TV,"Camera Operator,Editor,Broadcast Reporter",War,Television,Syria,Homouria,,,Homouria,,Local,Military Officials,Confirmed,No,,,,,,,,,,,,,,
,Confirmed,Rajesh Mishra,,India,,,Male,,,Journalist,Killed,Murder,Killed,Freelance,Dainik Jagran,Print Reporter,"Corruption,Crime",Print,India,"Brahmanpur Chatti, Ghazipur district",,Uttar Pradesh,"Brahmanpur Chatti, Ghazipur district",,Local,Criminal Group,Confirmed,,,Complete Impunity,No,No,No,,,,,,,,,
,Confirmed,Salvador Adame Pardo,,Mexico,,,Male,,,Journalist,Killed,Murder,Killed,Staff,6TV,"Broadcast Reporter,Publisher/Owner","Corruption,Politics",Television,Mexico,"Between May 18 and June 26, 2017",,Michoacán,"Between May 18 and June 26, 2017",,Local,"Criminal Group,Government Officials",Confirmed,,,Complete Impunity,No,Yes,No,,,,,,,,,
,Confirmed,Sayed Mehdi Husaini,,Afghanistan,,,Male,,,Journalist,Killed,Dangerous Assignment,Killed,Staff,Jomhor News Agency,Internet Reporter,Culture,Internet,Afghanistan,Kabul,,,Kabul,,Local,Political Group,Confirmed,,No,,,,,,,,,,,,,
,Confirmed,Sayeed Khuda Dad Ahamdi,,Afghanistan,,,Male,,,Journalist,Killed,Dangerous Assignment,Killed,Staff,Afghan Voice Agency,"Print Reporter,Internet Reporter",Culture,"Internet,Television",Afghanistan,Kabul,,,Kabul,,Local,Political Group,Confirmed,,No,,,,,,,,,,,,,
,Confirmed,Shantanu Bhowmik,,India,,,Male,,,Journalist,Killed,Dangerous Assignment,Killed,Staff,Dinraat,Broadcast Reporter,Politics,Television,India,West Tripura district,,Tripura,West Tripura district,,Local,Mob Violence,Confirmed,,No,,,,,,,,,,,,,
,Confirmed,Shifa Zikri Ibrahim (Shifa Gardi),,Iraq,,,Female,https://devnlbscpjdm.s3.amazonaws.com/https-/%2Fcpj.org/killed/02262017ShifaGardiAFPGettySafinHamid.jpg,(AFP/Getty/Safin Hamid),Journalist,Killed,Crossfire,Killed,Staff,Rudaw TV,Broadcast Reporter,War,Television,Iraq,Mosul,,,Mosul,,Local,Political Group,Confirmed,,,,,,,,,,,,,,,
,Confirmed,Stephane Villeneuve,,France,,,Male,,,Journalist,Killed,Crossfire,Killed,Freelance,#5BisProduction,Camera Operator,War,"Television,Internet",Iraq,Mosul,,,Mosul,,Foreign,Political Group,Confirmed,No,,,,,,,,,,,,,,
,Confirmed,Sudad Faris,,Iraq,,,Male,,,Journalist,Killed,Crossfire,Killed,Staff,Salaheddin TV,"Camera Operator,Producer","Corruption,Culture,Human Rights,War",Television,Iraq,"Imam Gharbi, near Mosul",,,"Imam Gharbi, near Mosul",,Local,Political Group,Confirmed,No,,,,,,,,,,,,,,
,Confirmed,Sudip Dutta Bhaumik,,India,,,Male,,,Journalist,Killed,Murder,Killed,Staff,Syandan Patrika,Print Reporter,"Politics,Corruption",Print,India,West Tripura district,,Tripura state,West Tripura district,,Local,Government Officials,Confirmed,,,Complete Impunity,No,No,No,,,,,,,,,
,Confirmed,Suhaib al-Heeti,,Iraq,,,Male,,,Journalist,Killed,Dangerous Assignment,Killed,Freelance,Asiasat,Broadcast Reporter,"Politics,War,Human Rights,Culture",Television,Iraq,Heet,,,Heet,Anbar,Local,Political Group,Confirmed,,No,,,,,,,,,,,,,
,Confirmed,Taimoor Khan,,Pakistan,,,Male,,,Journalist,Killed,Dangerous Assignment,Killed,Staff,Samaa TV,Camera Operator,"Crime,Politics",Television,Pakistan,Karachi,,,Karachi,,Local,Political Group,Confirmed,,,,,,,,,,,,,,,
,Confirmed,Takieddin al-Hudhaifi,,Yemen,,,Male,,,Journalist,Killed,Crossfire,Killed,Freelance,Al-Akhbariya,"Camera Operator,Photographer",War,Television,Yemen,Taiz,,,Taiz,,Local,Political Group,Confirmed,No,,,,,,,,,,,,,,
,Confirmed,Veronique Robert,,France,Switzerland,,Female,,,Journalist,Killed,Crossfire,Killed,Staff,#5BisProduction,"Camera Operator,Photographer","War,Human Rights","Television,Internet",Iraq,Mosul,,,Mosul,,Foreign,Political Group,Confirmed,No,,,,,,,,,,,,,,
,Confirmed,Wael al-Absi,,Yemen,,,Male,,,Journalist,Killed,Crossfire,Killed,Freelance,Yemen TV,"Camera Operator,Photographer","War,Human Rights",Television,Yemen,Taiz,,,Taiz,,Local,Political Group,Confirmed,No,,,,,,,,,,,,,,
,Confirmed,Yameen Rasheed,,Maldives,,,Male,,,Journalist,Killed,Murder,Killed,Staff,The Daily Panic,"Columnist/Commentator,Publisher/Owner","Corruption,Politics",Internet,Maldives,Malé,,,Malé,,Local,Criminal Group,Confirmed,,,Complete Impunity,No,No,Yes,,,,,,,,,
2016,Confirmed,Abdelqadir Fassouk,,Libya,,,Male,https://cpj-photos.s3-us-west-2.amazonaws.com/Abdelqadir-Fassouk250.jpg,Courtesy Arraed TV,Journalist,,Crossfire,Killed,Staff,Arraed Satellite TV,"Camera Operator,Photographer",War,"Print,Television",Libya,Sirte,,,Sirte,,Local,Political Group,Confirmed,,,,,,,,,,,,,,,
,Confirmed,Abdiaziz Ali,,Somalia,,,Male,,,Journalist,,Murder,Killed,Staff,Radio Shabelle,Broadcast Reporter,"Corruption,Human Rights,War",Radio,Somalia,Mogadishu,,,Mogadishu,,Local,Political Group,Confirmed,,,Complete Impunity,No,No,No,,,,,,,,,
,Confirmed,Abdul Salam Kanaan,,Syria,,,Male,,,Journalist,,Crossfire,Killed,Staff,Al-Jisr TV,Broadcast Reporter,War,Television,Syria,Zafraneh,,,Zafraneh,,Local,Military Officials,Confirmed,,,,,,,,,,,,,,,
,Confirmed,Abdullah Mohammad Ghannam,,Syria,,,Male,,,Journalist,,Crossfire,Killed,Staff,Shahba Press Agency,"Photographer,Internet Reporter","Human Rights,War",Internet,Syria,"Kafr Hamra, Aleppo",,,"Kafr Hamra, Aleppo",,Local,Military Officials,Confirmed,,,,,,,,,,,,,,,
,Confirmed,Ahmad Hallak,,Syria,,,Male,,,Journalist,,Crossfire,Killed,Staff,Al-Buraq Media Institution,"Photographer,Internet Reporter",War,Internet,Syria,Aleppo,,,Aleppo,,Local,Military Officials,Confirmed,,,,,,,,,,,,,,,
,Confirmed,Ahmed al-Shaibani,,Yemen,,,Male,,,Journalist,,Crossfire,Killed,Freelance,"Yaman News, Yemen TV","Camera Operator,Photographer,Internet Reporter",War,"Television,Internet",Yemen,Taiz,,,Taiz,,Local,Political Group,Confirmed,,,,,,,,,,,,,,,
,Confirmed,Ahmet Haceroğlu,,Iraq,,,Male,,,Journalist,,Crossfire,Killed,Staff,Türkmeneli TV,Producer,"Politics,War",Television,Iraq,Kirkuk,,,Kirkuk,,Local,Political Group,Confirmed,,,,,,,,,,,,,,,
,Confirmed,Ali Mahmud,,Iraq,,,Male,https://cpj-photos.s3-us-west-2.amazonaws.com/Ali_Mahmud_youtube_al.ghadeer.jpg,YouTube/Al-Ghadeer TV,Journalist,,Crossfire,Killed,Staff,Al-Ghadeer TV,Camera Operator,War,Television,Iraq,"Qayyarah, Nineveh province",,,"Qayyarah, Nineveh province","Qayyarah, Nineveh province",Local,Political Group,Confirmed,,,,,,,,,,,,,,,
,Confirmed,Ali Risan,,Iraq,,,Male,,,Journalist,,Crossfire,Killed,Staff,Al-Sumaria TV,Camera Operator,War,"Television,Internet",Iraq,"Al-Shura, Nineveh Province",,,"Al-Shura, Nineveh Province","Al-Shura, Nineveh Province",Local,Political Group,Confirmed,,,,,,,,,,,,,,,
,Confirmed,Almigdad Mojalli,,Yemen,,,Male,https://cpj-photos.s3-us-west-2.amazonaws.com/AlmigdadMojalli_silviaBattaglia180.jpg,Silvia Battaglia,Journalist,,Crossfire,Killed,Freelance,Freelance,"Broadcast Reporter,Print Reporter","Culture,Human Rights,Politics,War","Print,Internet",Yemen,Hamam Jarif,,,Hamam Jarif,,Local,Military Officials,Confirmed,,,,No,No,,,,,,,,,,
,Confirmed,Awab al-Zubiry,,Yemen,,,Male,,,Journalist,,Crossfire,Killed,Freelance,Freelance,"Camera Operator,Photographer","Politics,War",Internet,Yemen,Taiz,,,Taiz,,Local,Political Group,Confirmed,,,,,,,,,,,,,,,
,Confirmed,David Gilkey,,USA,,,Male,,,Journalist,,Crossfire,Killed,Staff,National Public Radio,Photographer,"Politics,War","Radio,Internet",Afghanistan,"Marjah district, Helmand province",,,"Marjah district, Helmand province","Marjah district, Helmand province",Foreign,Political Group,Confirmed,,,,,,,,,,,,,,,
,Confirmed,El-Hadj Mohamed Diallo ,,Guinea,,,Male,,,Journalist,,Dangerous Assignment,Killed,Staff,"Guinée7, Afrik",Internet Reporter,Politics,Internet,Guinea,Conakry,,,Conakry,,Local,Political Group,Confirmed,,,,No,No,No,,,,,,,,,
,Confirmed,Elidio Ramos Zárate,,Mexico,,,Male,https://cpj-photos.s3-us-west-2.amazonaws.com/07192016elidio230elsur.jpg,Elidio Ramos Zarate reports on demonstrations in the Mexican state of Oaxaca shortly before his murder. (courtesy of El Sur del Itsmo),Journalist,,Murder,Killed,Staff,El Sur,Print Reporter,Crime,Print,Mexico,Oaxaca,,,Oaxaca,,Local,Unknown Fire,Confirmed,,,Complete Impunity,No,No,Yes,,,,,,,,,
,Confirmed,Hashim al-Hamran,,Yemen,,,Male,,,Journalist,,Crossfire,Killed,Staff,Al-Masirah TV,Camera Operator,War,Television,Yemen,"Dahyan, Saada Province",,,"Dahyan, Saada Province","Dahyan, Saada Province",Local,Military Officials,Confirmed,,,,,,,,,,,,,,,
,Confirmed,Hassan al-Anbaki,,Iraq,,,Male,,,Journalist,,Murder,Killed,Staff,Al-Sharqiya,Camera Operator,War,Television,Iraq,"Baquba, Diyala province",,,"Baquba, Diyala province","Baquba, Diyala province",Local,Political Group,Confirmed,,,Complete Impunity,No,No,No,,,,,,,,,
,Confirmed,Ibrahim Omar,,Syria,,,Male,,,Journalist,,Crossfire,Killed,Staff,Al Jazeera,Camera Operator,War,Television,Syria,"Tarmanin, Idlib",,,"Tarmanin, Idlib",,Local,Military Officials,Confirmed,,,,,,,,,,,,,,,
,Confirmed,Jeroen Oerlemans ,,,,,Male,https://cpj-photos.s3-us-west-2.amazonaws.com/Oerlemans-3-Cap.jpg,Stanislav Krupar,Journalist,,Crossfire,Killed,Freelance,Freelance,Photographer,"Politics,War","Print,Internet",Libya,Sirte,,,Sirte,,Foreign,Political Group,Confirmed,,,,,,,,,,,,,,,
,Confirmed,João Miranda do Carmo,,Brazil,,,Male,,,Journalist,,Murder,Killed,Staff,SAD Sem Censura,"Editor,Internet Reporter","Corruption,Crime,Politics",Internet,Brazil,Santo Antônio do Descoberto,,,Santo Antônio do Descoberto,,Local,Criminal Group,Confirmed,,,Complete Impunity,No,No,Yes,,,,,,,,,
,Confirmed,Karun Misra,,India,,,Male,,,Journalist,,Murder,Killed,Staff,Jansandesh Times,Print Reporter,"Corruption,Crime,Politics",Print,India,"Sultanpur, Uttar Pradesh",,,"Sultanpur, Uttar Pradesh",,Local,"Criminal Group, Local Residents",Confirmed,,,Complete Impunity,No,No,No,,,,,,,,,
,Confirmed,Khaled al-Zintani ,,Libya,,,Male,,,Journalist,,Crossfire,Killed,Freelance,Freelance,Photographer,War,"Television,Internet",Libya,Benghazi,,,Benghazi,,Local,Political Group,Confirmed,,,,,,,,,,,,,,,
,Confirmed,Khaled Eissa ,,Syria,,,Male,https://cpj-photos.s3-us-west-2.amazonaws.com/khaledeissa250.jpg,"Screenshot from Khaled Eissa's Instagram account, @khaledesa9",Journalist,,Murder,Killed,Freelance,Freelance,"Camera Operator,Photographer","Human Rights,War","Television,Internet",Syria,Aleppo,,,Aleppo,,Local,Unknown Fire,Confirmed,,,Complete Impunity,No,No,No,,,,,,,,,
,Confirmed,Mahad Ali Mohamed ,,Somalia,,,Male,,,Journalist,,Crossfire,Killed,Staff,Codka Mudug Radio,Broadcast Reporter,War,Radio,Somalia,Galkayo,,,Galkayo,,Local,Paramilitary Group,Confirmed,,,,,,,,,,,,,,,
,Confirmed,Majid Dirani,,Syria,,,Male,,,Journalist,,Crossfire,Killed,Freelance,Freelance,"Camera Operator,Internet Reporter",War,Internet,Syria,Daraya,,,Daraya,,Local,Military Officials,Confirmed,,,,,,,,,,,,,,,
,Confirmed,Marcos Hernández Bautista ,,Mexico,,,Male,,,Journalist,,Murder,Killed,Staff,"Noticias, Voz e Imagen de Oaxaca","Broadcast Reporter,Print Reporter","Corruption,Politics","Print,Radio",Mexico,Oaxaca,,,Oaxaca,,Local,Unknown Fire,Confirmed,,,Partial Impunity,No,No,Yes,,,,,,,,,
,Confirmed,Mehmood Khan,,Pakistan,,,Male,,,Journalist,,Dangerous Assignment,Killed,Staff,DawnNews,Camera Operator,"Business,Corruption,Crime,Culture,Human Rights,Politics,Sports","Television,Internet",Pakistan,Quetta,,,Quetta,,Local,Political Group,Confirmed,,,,No,No,No,,,,,,,,,
,Confirmed,Mohammad Nasir Mudasir ,,Afghanistan,,,Male,,,Journalist,,Murder,Killed,Staff,Melli Paigham Radio,Editor,,Radio,Afghanistan,"Mohammed Agha District, Logar Province",,,"Mohammed Agha District, Logar Province","Mohammed Agha District, Logar Province",Local,Political Group,Confirmed,,,Complete Impunity,No,No,Yes,,,,,,,,,
,Confirmed,Mohammed Eissa,,Syria,,,Male,,,Journalist,,Murder,Killed,Staff,Nateq Network,"Photographer,Internet Reporter",War,Internet,Syria,Deir al-Zour,,,Deir al-Zour,,Local,Political Group,Confirmed,,,Complete Impunity,No,Yes,Yes,,,,,,,,,
,Confirmed,Mohammed Ghalib al-Majidi,,Yemen,,,Male,,,Journalist,,Crossfire,Killed,Freelance,Freelance,"Camera Operator,Photographer,Internet Reporter","Human Rights,Politics,War",Internet,Yemen,Taiz,,,Taiz,,Local,Political Group,Confirmed,,,,,,,,,,,,,,,
,Confirmed,Mohammed Sayyed Hassan,,Syria,,,Male,,,Journalist,,Crossfire,Killed,Staff,"All4Syria, Al-Nabaa Media Center","Photographer,Editor,Internet Reporter",War,Internet,Syria,Atareb,,,Atareb,,Local,Military Officials,Confirmed,,,,,,,,,,,,,,,
,Confirmed,Mohsen Khazaei,,,,,Male,https://cpj-photos.s3-us-west-2.amazonaws.com/MohsenKhazaei-Syria-Killed-IRIBscrnsht225.jpg,"Screenshot, IRIB News Agency video",Journalist,,Crossfire,Killed,Staff,Islamic Republic of Iran Broadcasting,Broadcast Reporter,War,Television,Syria,Aleppo,,,Aleppo,,Foreign,Political Group,Confirmed,,,,,,,,,,,,,,,
,Confirmed,Mubarak al-Abadi,,Yemen,,,Male,,,Journalist,,Crossfire,Killed,Staff,Nabaa Media Foundation,"Broadcast Reporter,Camera Operator,Photographer,Producer","Politics,War",Television,Yemen,"Al-Ghail, Al-Jawf Province",,,"Al-Ghail, Al-Jawf Province","Al-Ghail, Al-Jawf Province",Local,Political Group,Confirmed,,,,,,,,,,,,,,,
,Confirmed,Mustafa Abdul Hassa,,Syria,,,Male,,,Journalist,,Murder,Killed,Staff,Shaam News Network,Internet Reporter,War,Internet,Syria,Deir al-Zour,,,Deir al-Zour,,Local,Political Group,Confirmed,,,Complete Impunity,No,Yes,Yes,,,,,,,,,
,Confirmed,Mustafa Said,,Iraq,,,Male,,,Journalist,,Crossfire,Killed,Staff,Kurdistan TV,Camera Operator,War,Television,Iraq,Mosul,,,Mosul,,Local,Political Group,Confirmed,,,,No,No,No,,,,,,,,,
,Confirmed,Naimatullah Zaheer,,Afghanistan,,,Male,,,Journalist,,Crossfire,Killed,Staff,Ariana News,Broadcast Reporter,"Culture,Politics,War",Television,Afghanistan,"Lashkar Gah, Helmand Province",,,"Lashkar Gah, Helmand Province","Lashkar Gah, Helmand Province",Local,Political Group,Confirmed,,,,,,,,,,,,,,,
,Confirmed,Niraz Saeed,,Syria,Israel and the Occupied Palestinian Territory,,Male,,,Journalist,Killed,Unknown,Killed,Freelance,Freelance,Photographer,"Human Rights,War","Print,Internet",Syria,Unknown,,,Unknown,,Local,Government Officials,Confirmed,,,,,,,,,,,,,,,
,Confirmed,Osama Jumaa,,Syria,,,Male,https://cpj-photos.s3-us-west-2.amazonaws.com/Osama-Jumaa-ImagesLive-1.jpg,"Osama Jumaa, a photographer and video journalist, was killed while covering the rescue of civilians after a bombardment in Syria. (Images Live)",Journalist,,Crossfire,Killed,Staff,Images Live,"Camera Operator,Photographer",War,"Television,Internet",Syria,Aleppo,,,Aleppo,,Local,Military Officials,Confirmed,,,,,,,,,,,,,,,
,Confirmed,Pavel Sheremet,,,,,Male,https://cpj-photos.s3-us-west-2.amazonaws.com/07202016UkrainePavelSheremetAPSergeiChusavkov250.jpg,Sergei Chusavkov/AP,Journalist,,Murder,Killed,Staff,"Ukrainska Pravda, Radio Vesti","Broadcast Reporter,Internet Reporter","Corruption,Crime,Politics","Radio,Internet",Ukraine,Kiev,,,Kiev,,Foreign,Unknown Fire,Confirmed,,,Complete Impunity,No,No,Yes,,,,,,,,,
,Confirmed,Rajdev Ranjan,,India,,,Male,,,Journalist,,Murder,Killed,Staff,Hindustan,Print Reporter,"Corruption,Crime,Politics",Print,India,"Siwan, Bihar",,,"Siwan, Bihar",,Local,Criminal Group,Confirmed,,,Complete Impunity,No,No,Yes,,,,,,,,,
,Confirmed,Rohat Aktaş,,Turkey,,,Male,https://cpj-photos.s3-us-west-2.amazonaws.com/rohat-aktas4502.jpg,Azadiya Welat,Journalist,,Unknown,Killed,Staff,Azadiya Welat,"Editor,Print Reporter","Politics,War",Print,Turkey,Cizre,,,Cizre,,Local,Military Officials,Confirmed,,,,,,,,,,,,,,,
,Confirmed,Sagal Salad Osman,,Somalia,,,Female,,,Journalist,,Murder,Killed,Staff,Radio Mogadishu,Broadcast Reporter,Culture,Radio,Somalia,Mogadishu,,,Mogadishu,,Local,Political Group,Confirmed,,,Complete Impunity,No,No,No,,,,,,,,,
,Confirmed,Saif Talal,,Iraq,,,Male,,,Journalist,,Murder,Killed,Staff,Al-Sharqiya,Broadcast Reporter,War,Television,Iraq,"Baquba, Diyala province",,,"Baquba, Diyala province","Baquba, Diyala province",Local,Political Group,Confirmed,,,Complete Impunity,No,No,Yes,,,,,,,,,
,Confirmed,Samer Mohammed Aboud,,Syria,,,Male,,,Journalist,,Murder,Killed,Staff,"Free Deir al-Zour Radio, Development Interaction Network","Broadcast Reporter,Internet Reporter",War,"Radio,Internet",Syria,Deir al-Zour,,,Deir al-Zour,,Local,Political Group,Confirmed,,,Complete Impunity,No,Yes,Yes,,,,,,,,,
,Confirmed,Sami Jawdat Rabah,,Syria,,,Male,,,Journalist,,Murder,Killed,Staff,Syrian Observatory for Human Rights,"Photographer,Internet Reporter",War,Internet,Syria,Deir al-Zour,,,Deir al-Zour,,Local,Political Group,Confirmed,,,Complete Impunity,No,Yes,Yes,,,,,,,,,
,Confirmed,Shehzad Ahmed,,Pakistan,,,Male,,,Journalist,,Dangerous Assignment,Killed,Staff,Aaj News,Camera Operator,"Business,Corruption,Crime,Culture,Human Rights,Politics,Sports",Television,Pakistan,Quetta,,,Quetta,,Local,Political Group,Confirmed,,,,No,No,No,,,,,,,,,
,Confirmed,Soe Moe Tun ,,Myanmar,,,Male,,,Journalist,,Murder,Killed,Staff,Daily Eleven,Print Reporter,"Corruption,Crime",Print,Myanmar,Monywa,,,Monywa,,Local,Unknown Fire,Confirmed,,,Complete Impunity,No,No,No,,,,,,,,,
,Confirmed,Taha Shawkat Al-Halou,,Syria,,,Male,,,Journalist,,Crossfire,Killed,Freelance,Freelance,"Photographer,Internet Reporter",War,Internet,Syria,"Daret Ezza, Aleppo province",,,"Daret Ezza, Aleppo province","Daret Ezza, Aleppo province",Local,Military Officials,Confirmed,,,,,,,,,,,,,,,
,Confirmed,Zabihullah Tamanna,,Afghanistan,,,Male,,,Journalist,,Crossfire,Killed,Freelance,National Public Radio,Producer,"Culture,Human Rights,Politics,War","Print,Radio,Internet",Afghanistan,"Marjah district, Helmand province",,,"Marjah district, Helmand province","Marjah district, Helmand province",Local,Political Group,Confirmed,,,,,,,,,,,,,,,
,Confirmed,Zaher al-Shurqat,,,,,Male,https://cpj-photos.s3-us-west-2.amazonaws.com/Zaher-al-Shurqat200.jpg,AP,Journalist,,Murder,Killed,Staff,Aleppo Today,Broadcast Reporter,War,Internet,Turkey,Gaziantep,,,Gaziantep,,Foreign,Political Group,Confirmed,,,Complete Impunity,No,No,Yes,,,,,,,,,
2015,Confirmed,Abdullah Qabil,,Yemen,,,Male,,,Journalist,,Crossfire,Killed,Staff,"Yemen Youth TV, Belqees TV",Broadcast Reporter,"Politics,War",Television,Yemen,Dhamar,,,Dhamar,,Local,Military Officials,Confirmed,,,,No,Yes,No,,,,,,,,,
,Confirmed,Adam Juma,,South Sudan,,,Male,,,Journalist,,Murder,Killed,Staff,Raja FM,Broadcast Reporter,"Politics,War",Radio,South Sudan,Western Bahr al Ghazal state,,Western Bahr al Ghazal state,Western Bahr al Ghazal state,,Local,Political Group,Confirmed,,,Complete Impunity,No,No,No,,,,,,,,,
,Confirmed,Adam Ward,,USA,,,Male,,,Journalist,,Dangerous Assignment,Killed,Staff,WDBJ7,Camera Operator,"Business,Corruption,Crime,Culture,Human Rights,Politics,Sports",Television,USA,"Smith Mountain Lake, Virginia",,,"Smith Mountain Lake, Virginia",,Local,Local Residents,Confirmed,,,,,,,,,,,,,,,
,Confirmed,Adel Sayegh ,,Iraq,,,Male,https://cpj-photos.s3-us-west-2.amazonaws.com/Adel-Sayegh200.jpg,Photo courtesy of the family,Journalist,,Murder,Killed,Staff,Salaheddin TV,"Camera Operator,Photographer","Politics,War",Television,Iraq,Mosul,,,Mosul,,Local,Political Group,Confirmed,,,Complete Impunity,No,Yes,No,,,,,,,,,
,Confirmed,Ahmed Abu al-Hamza,,Syria,,,Male,,,Journalist,,Crossfire,Killed,Staff,"SMART News Agency, Hama Media Center","Camera Operator,Photographer",War,Internet,Syria,"Sukayk, Hama province",,,"Sukayk, Hama province","Sukayk, Hama province",Local,Military Officials,Confirmed,,,,No,No,No,,,,,,,,,
,Confirmed,Ahmed Mohamed al-Mousa,,Syria,,,Male,https://cpj-photos.s3-us-west-2.amazonaws.com/Ahmed-Mohamed-al-Mousa200.jpg,(Photo courtesy of Raqqa is Being Slaughtered Silently),Journalist,,Murder,Killed,Staff,Raqqa is Being Slaughtered Silently,Editor,"Human Rights,Politics,War",Internet,Syria,Idlib,,,Idlib,,Local,Political Group,Confirmed,,,Complete Impunity,No,No,Yes,,,,,,,,,
,Confirmed,Alison Parker,,USA,,,Female,,,Journalist,,Dangerous Assignment,Killed,Staff,WDBJ7,Broadcast Reporter,"Business,Corruption,Crime,Culture,Human Rights,Politics,Sports",Television,USA,"Smith Mountain Lake, Virginia",,,"Smith Mountain Lake, Virginia",,Local,Local Residents,Confirmed,,,,,,,,,,,,,,,
,Confirmed,Ammar al-Shami,,Syria,,,Male,,,Journalist,,Crossfire,Killed,Staff,Qasioun News,Photographer,"Human Rights,Politics,War",Internet,Syria,"Marj al-Sultan, Eastern Ghouta",,,"Marj al-Sultan, Eastern Ghouta",,Local,Military Officials,Confirmed,,,,,,,,,,,,,,,
,Confirmed,Ananta Bijoy Das,,Bangladesh,,,Male,,,Journalist,,Murder,Killed,Freelance,Freelance,"Internet Reporter,Print Reporter","Culture,Human Rights,Politics","Print,Internet",Bangladesh,Sylhet,,,Sylhet,,Local,Political Group,Confirmed,,,Complete Impunity,No,No,Yes,,,,,,,,,
,Confirmed,Armando Saldaña Morales,,Mexico,,,Male,,,Journalist,,Murder,Killed,Staff,La Ke Buena 100.9 FM,Broadcast Reporter,Crime,Radio,Mexico,Oaxaca,,,Oaxaca,,Local,Criminal Group,Confirmed,,,Complete Impunity,Yes,Yes,No,,,,,,,,,
,Confirmed,Avijit Roy,,,,,Male,https://cpj-photos.s3-us-west-2.amazonaws.com/avijit.roy.ap.jpg,AP,Journalist,,Murder,Killed,Freelance,Freelance,"Internet Reporter,Print Reporter","Culture,Human Rights,Politics","Print,Internet",Bangladesh,Dhaka,,,Dhaka,,Foreign,Political Group,Confirmed,,,Complete Impunity,No,No,Yes,,,,,,,,,
,Confirmed,Batoul Mokhles al-Warrar,,Syria,,,Female,,,Journalist,,Crossfire,Killed,Staff,Noor al-Sham; Radio Damascus,Broadcast Reporter,"Politics,War","Radio,Television",Syria,Damascus,,,Damascus,,Local,Political Group,Confirmed,,,,,,,,,,,,,,,
,Confirmed,Bernard Maris,,France,,,Male,,,Journalist,,Murder,Killed,Freelance,Freelance,Columnist / Commentator,Business,"Print,Internet",France,Paris,,,Paris,,Local,Political Group,Confirmed,,,Partial Impunity,No,No,Yes,,,,,,,,,
,Confirmed,Bernard Verlhac (Tignous),,France,,,Male,https://cpj-photos.s3-us-west-2.amazonaws.com/tignous%252520RTR4KHGF.jpg,Reuters,Journalist,,Murder,Killed,Freelance,Freelance,Columnist / Commentator,"Culture,Human Rights,Politics","Print,Internet",France,Paris,,,Paris,,Local,Political Group,Confirmed,,,Partial Impunity,No,No,Yes,,,,,,,,,
,Confirmed,Bilal Sharaf al-Deen,,Yemen,,,Male,,,Journalist,,Crossfire,Killed,Staff,Al-Masirah TV,Camera Operator,"Politics,War",Television,Yemen,Sana'a,,,Sana'a,,Local,Military Officials,Confirmed,,,,,,,,,,,,,,,
,Confirmed,Boutros Martin,,South Sudan,,,Male,,,Journalist,,Murder,Killed,Staff,South Sudan Television,Camera Operator,"Politics,War",Television,South Sudan,Western Bahr al Ghazal state,,Western Bahr al Ghazal state,Western Bahr al Ghazal state,,Local,Political Group,Confirmed,,,Complete Impunity,No,No,No,,,,,,,,,
,Confirmed,Dalia Marko,,South Sudan,,,Female,,,Journalist,,Murder,Killed,Staff,Raja FM,Broadcast Reporter,"Politics,War",Radio,South Sudan,Western Bahr al Ghazal state,,Western Bahr al Ghazal state,Western Bahr al Ghazal state,,Local,Political Group,Confirmed,,,Complete Impunity,No,No,No,,,,,,,,,
,Confirmed,Danilo López,,Guatemala,,,Male,https://cpj-photos.s3-us-west-2.amazonaws.com/danilo.lopez.ap.jpg,AP,Journalist,,Murder,Killed,Staff,Prensa Libre,Print Reporter,"Corruption,Crime,Politics",Print,Guatemala,Mazatenango,,,Mazatenango,,Local,"Criminal Group, Government Officials",Confirmed,,,Complete Impunity,No,No,Yes,,,,,,,,,
,Confirmed,Daud Ali Omar,,Somalia,,,Male,,,Journalist,,Murder,Killed,Staff,Radio Baidoa,"Broadcast Reporter,Producer","Culture,Politics",Television,Somalia,Baidoa,,,Baidoa,,Local,Political Group,Confirmed,,,Complete Impunity,No,No,No,,,,,,,,,
,Confirmed,Djalma Santos da Conceição,,Brazil,,,Male,,,Journalist,,Murder,Killed,Staff,RCA FM,Broadcast Reporter,"Corruption,Crime",Radio,Brazil,Conceição da Feira,,,Conceição da Feira,,Local,"Criminal Group, Government Officials",Confirmed,,,Complete Impunity,Yes,Yes,Yes,,,,,,,,,
,Confirmed,Elsa Cayat,,France,,,Female,,,Journalist,,Murder,Killed,Freelance,Freelance,Columnist / Commentator,Culture,"Print,Internet",France,Paris,,,Paris,,Local,Political Group,Confirmed,,,Partial Impunity,No,No,Yes,,,,,,,,,
,Confirmed,Evany José Metzker,,Brazil,,,Male,,,Journalist,,Murder,Killed,Staff,Coruja do Vale,Internet Reporter,"Corruption,Crime",Internet,Brazil,Padre Paraíso,,,Padre Paraíso,,Local,Criminal Group,Confirmed,,,Complete Impunity,Yes,Yes,No,,,,,,,,,
,Confirmed,Fadel al-Hadidi,,Iraq,,,Male,,,Journalist,,Murder,Killed,Staff,Mosul al-Youm; Sada al-Iraq,"Columnist / Commentator,Editor,Print Reporter","Corruption,Human Rights,Politics,War",Print,Iraq,Mosul,,,Mosul,,Local,Political Group,Confirmed,,,Complete Impunity,No,Yes,No,,,,,,,,,
,Confirmed,Faisal Arefin Dipan,,Bangladesh,,,Male,,,Journalist,,Murder,Killed,Staff,Jagriti Prokashoni,Publisher / Owner,,Print,Bangladesh,Dhaka ,,,Dhaka ,,Local,Political Group,Confirmed,,,Complete Impunity,No,No,Yes,,,,,,,,,
,Confirmed,Fares Hamadi,,,,,Male,https://cpj-photos.s3-us-west-2.amazonaws.com/Fares-Hamadi200.jpg,(Photo courtesy of Eye on the Homeland),Journalist,,Murder,Killed,Staff,Eye on the Homeland,Producer,"Corruption,Human Rights,Politics,War","Print,Internet",Turkey,Urfa,,,Urfa,,Foreign,Political Group,Confirmed,,,Complete Impunity,No,No,Yes,,,,,,,,,
,Confirmed,Filadelfo Sánchez Sarmiento,,Mexico,,,Male,,,Journalist,,Murder,Killed,Staff,La Favorita 103.3FM La Voz de la Sierra Sur,"Broadcast Reporter,Print Reporter",Politics,"Print,Radio",Mexico,"Miahuatlán de Porfirio Díaz, Oaxaca",,,"Miahuatlán de Porfirio Díaz, Oaxaca",,Local,Unknown Fire,Confirmed,,,Complete Impunity,No,No,Yes,,,,,,,,,
,Confirmed,Firas al-Baher,,Iraq,,,Male,https://cpj-photos.s3-us-west-2.amazonaws.com/Firas-al-Baher-cropped200.jpg,(Photo courtesy of the photographer),Journalist,,Murder,Killed,Staff,Nineveh al-Ghad,"Producer,Technician",Politics,Television,Iraq,Mosul,,,Mosul,,Local,Political Group,Confirmed,,,Complete Impunity,No,Yes,No,,,,,,,,,
,Confirmed,Flor Alba Núñez Vargas,,Colombia,,,Female,,,Journalist,,Murder,Killed,Staff,Red Noticias and La Preferida Estereo,Broadcast Reporter,Crime,Radio,Colombia,Pitalito,,,Pitalito,,Local,Criminal Group,Confirmed,,,Complete Impunity,No,No,Yes,,,,,,,,,
,Confirmed,George Abanga,,Ghana,,,Male,,,Journalist,,Murder,Killed,Staff,"Success FM, Peace FM",Broadcast Reporter,Politics,Radio,Ghana,Sankore,,,Sankore,,Local,Unknown Fire,Confirmed,,,Complete Impunity,No,No,No,,,,,,,,,
,Confirmed,Georges Wolinski,,France,,,Male,https://cpj-photos.s3-us-west-2.amazonaws.com/wolinski%252520AP080516013275.jpg,AP,Journalist,,Murder,Killed,Staff,Charlie Hebdo,Columnist / Commentator,"Culture,Human Rights,Politics","Print,Internet",France,Paris,,,Paris,,Local,Political Group,Confirmed,,,Partial Impunity,No,No,Yes,,,,,,,,,
,Confirmed,Gerardo Ceferino Servían,,,,,Male,,,Journalist,,Murder,Killed,Staff,Ciudad Nueva FM,Broadcast Reporter,Politics,Radio,Brazil,Ponta Porã,,,Ponta Porã,,Foreign,Government Officials,Confirmed,,,Complete Impunity,No,No,No,,,,,,,,,
,Confirmed,Gleydson Carvalho,,Brazil,,,Male,,,Journalist,,Murder,Killed,Staff,Radio Liberdade FM 90.3,Broadcast Reporter,"Corruption,Crime",Radio,Brazil,Camocim,,,Camocim,,Local,Government Officials,Confirmed,,,Complete Impunity,No,No,Yes,,,,,,,,,
,Confirmed,Guillaume Barreau-Decherf,,France,,,Male,,,Journalist,,Dangerous Assignment,Killed,Freelance,Freelance,Print Reporter,Culture,Print,France,Paris,,,Paris,,Local,Political Group,Confirmed,,,,,,,,,,,,,,,
,Confirmed,Hindia Haji Mohamed,,Somalia,,,Female,,,Journalist,,Murder,Killed,Staff,"Radio Mogadishu, Somali National TV","Broadcast Reporter,Producer","Politics,War","Radio,Television",Somalia,Mogadishu,,,Mogadishu,,Local,Political Group,Confirmed,,,Full Justice,No,No,No,,,,,,,,,
,Confirmed,Humam Najjar (Abu Yazan al-Halabi),,Syria,,,Male,https://cpj-photos.s3-us-west-2.amazonaws.com/Hummam-Najjar200.jpg,(Photo courtesy of the photographer),Journalist,,Crossfire,Killed,Staff,Aleppo Today,"Broadcast Reporter,Internet Reporter","Human Rights,War","Television,Internet",Syria,Aleppo,,,Aleppo,,Local,Political Group,Confirmed,,,,,,,,,,,,,,,
,Confirmed,Ibrahim Abd al-Qader,,,,,Male,https://cpj-photos.s3-us-west-2.amazonaws.com/Ibrahim-Abd-al-Qader200.jpg,(Photo courtesy of Eye on the Homeland),Journalist,,Murder,Killed,Staff,"Eye on the Homeland, Raqqa is Being Slaughtered Silently",Editor,"Corruption,Human Rights,Politics,War","Print,Internet",Turkey,Urfa,,,Urfa,,Foreign,Political Group,Confirmed,,,Complete Impunity,No,No,Yes,,,,,,,,,
,Confirmed,Israel Gonçalves Silva,,Brazil,,,Male,,,Journalist,,Murder,Killed,Staff,Rádio Itaenga FM,Broadcast Reporter,Corruption,Radio,Brazil,Lagoa de Itaenga,,,Lagoa de Itaenga,,Local,Criminal Group,Confirmed,,,Complete Impunity,No,No,Yes,,,,,,,,,
,Confirmed,Ítalo Eduardo Diniz Barros,,Brazil,,,Male,,,Journalist,,Murder,Killed,Staff,Blog Ítalo Diniz,Internet Reporter,Politics,Internet,Brazil,Governador Nunes Freire,,,Governador Nunes Freire,,Local,"Government Officials, Local Residents",Confirmed,,,Complete Impunity,No,No,Yes,,,,,,,,,
,Confirmed,Jagendra Singh,,India,,,Male,https://cpj-photos.s3-us-west-2.amazonaws.com/jagendra%252520singh%252520ap.jpg,AP,Journalist,,Murder,Killed,Freelance,Freelance,Internet Reporter,"Corruption,Crime,Politics","Print,Internet",India,"Shahjahanpur district, Uttar Pradesh",,,"Shahjahanpur district, Uttar Pradesh",,Local,Government Officials,Confirmed,,,Complete Impunity,Yes,No,No,,,,,,,,,
,Confirmed,Jalaa al-Abadi,,Iraq,,,Male,,,Journalist,,Murder,Killed,Staff,Nineveh Reporters Network,"Camera Operator,Photographer","Human Rights,Politics,War",Internet,Iraq,Mosul,,,Mosul,,Local,Political Group,Confirmed,,,Complete Impunity,No,Yes,Yes,,,,,,,,,
,Confirmed,Jamal Khalifeh,,Syria,,,Male,https://cpj-photos.s3-us-west-2.amazonaws.com/jamal%252520khalife.facebook.jpg.jpg,Jamal Khalifeh. (Facebook),Journalist,,Crossfire,Killed,Freelance,Freelance,"Camera Operator,Photographer,Internet Reporter,Producer",War,Internet,Syria,"Yarmouk, Damascus",,,"Yarmouk, Damascus",,Local,"Local Residents, Political Group",Confirmed,,,,,,,,,,,,,,,
,Confirmed,Jean Cabut (Cabu),,France,,,Male,https://cpj-photos.s3-us-west-2.amazonaws.com/cabu%252520000_Par8067304.jpg,AFP,Journalist,,Murder,Killed,Staff,Charlie Hebdo,Columnist / Commentator,"Culture,Human Rights,Politics","Print,Internet",France,Paris,,,Paris,,Local,Political Group,Confirmed,,,Partial Impunity,No,No,Yes,,,,,,,,,
,Confirmed,John Kituyi,,Kenya,,,Male,,,Journalist,,Murder,Killed,Staff,Mirror Weekly,"Editor,Publisher / Owner",Politics,Print,Kenya,Eldoret,,,Eldoret,,Local,Unknown Fire,Confirmed,,,Complete Impunity,No,No,Yes,,,,,,,,,
,Confirmed,Jomaa Al-Ahmad (Abu al-Nour al-Halabi),,Syria,,,Male,,,Journalist,,Crossfire,Killed,Staff,Shahba Press Agency,"Broadcast Reporter,Camera Operator,Internet Reporter",War,Internet,Syria,Aleppo,,,Aleppo,,Local,Military Officials,Confirmed,,,,,,,,,,,,,,,
,Confirmed,José Moisés Sánchez Cerezo ,,Mexico,,,Male,,,Journalist,,Murder,Killed,Staff,La Unión,"Internet Reporter,Print Reporter,Publisher / Owner","Corruption,Crime,Politics","Print,Internet",Mexico,"Medellín de Bravo, Veracruz",,,"Medellín de Bravo, Veracruz",,Local,Government Officials,Confirmed,,,Complete Impunity,Yes,Yes,Yes,,,,,,,,,
,Confirmed,Kenji Goto,,,,,Male,https://cpj-photos.s3-us-west-2.amazonaws.com/Kenji-Goto200.jpg,Getty,Journalist,,Murder,Killed,Freelance,Freelance,"Camera Operator,Photographer,Internet Reporter","Culture,Human Rights,Politics,War","Television,Internet",Syria,Unknown,,,Unknown,,Foreign,Political Group,Confirmed,,,Complete Impunity,Yes,Yes,No,,,,,,,,,
,Confirmed,Khaled al-Washli,,Yemen,,,Male,,,Journalist,,Dangerous Assignment,Killed,Staff,Al-Masirah TV,Broadcast Reporter,"Human Rights,Politics,War",Television,Yemen,Dhamar,,,Dhamar,,Local,Political Group,Confirmed,,,,,,,,,,,,,,,
,Confirmed,Luis Antonio Peralta Cuéllar,,Colombia,,,Male,,,Journalist,,Murder,Killed,Staff,Linda Stereo,"Broadcast Reporter,Producer,Publisher/Owner","Business,Corruption,Politics",Radio,Colombia,Doncello,,Caquetá,Doncello,,Local,Local Residents,Confirmed,,,Partial Impunity,No,No,Yes,,,,,,,,,
,Confirmed,Łukasz Masiak,,Poland,,,Male,,,Journalist,,Murder,Killed,Staff,Nasza Mława,"Editor,Internet Reporter","Corruption,Crime",Internet,Poland,Mława,,,Mława,,Local,Local Residents,Confirmed,,,Complete Impunity,No,No,Yes,,,,,,,,,
,Confirmed,Mohamed Shamsan,,Yemen,,,Male,,,Journalist,,Crossfire,Killed,Staff,Yemen Today,Broadcast Reporter,"Culture,Human Rights,Politics,War",Television,Yemen,Sana'a,,,Sana'a,,Local,Military Officials,Confirmed,,,,No,No,No,,,,,,,,,
,Confirmed,Mohammed al-Asfar,,Syria,,,Male,,,Journalist,,Crossfire,Killed,Staff,Al-Jazeera,Camera Operator,War,Television,Syria,Daraa,,,Daraa,,Local,Military Officials,Confirmed,,,,,,,,,,,,,,,
,Confirmed,Moustapha Ourrad,,France,,,Male,,,Journalist,,Murder,Killed,Staff,Charlie Hebdo,Editor,"Culture,Human Rights,Politics","Print,Internet",France,Paris,,,Paris,,Local,Political Group,Confirmed,,,Partial Impunity,No,No,Yes,,,,,,,,,
,Confirmed,Muftah al-Qatrani,,Libya,,,Male,,,Journalist,,Murder,Killed,Staff,Al-Anwar,"Broadcast Reporter,Editor,Producer",War,Television,Libya,"Benghazi, Libya ",,,"Benghazi, Libya ",,Local,Unknown Fire,Confirmed,,,Complete Impunity,No,No,Yes,,,,,,,,,
,Confirmed,Musa Mohamed,,South Sudan,,,Male,,,Journalist,,Murder,Killed,Staff,Raja FM,Editor,"Politics,War",Radio,South Sudan,Western Bahr al Ghazal state,,Western Bahr al Ghazal state,Western Bahr al Ghazal state,,Local,Political Group,Confirmed,,,Complete Impunity,No,No,No,,,,,,,,,
,Confirmed,Mustaf Abdi Noor ,,Somalia,,,Male,,,Journalist,,Dangerous Assignment,Killed,Freelance,Freelance,"Camera Operator,Photographer","Politics,War","Television,Internet",Somalia,Mogadishu,,,Mogadishu,,Local,Political Group,Confirmed,,,,,,,,,,,,,,,
,Confirmed,Naji Jerf,,,,,Male,https://cpj-photos.s3-us-west-2.amazonaws.com/Naji-Jerf450.jpg,AFP,Journalist,,Murder,Killed,Staff,"Hentah, Raqqa is Being Slaughtered Silently","Editor,Producer","Human Rights,Politics",Internet,Turkey,Gaziantep,,,Gaziantep,,Foreign,Political Group,Confirmed,,,Partial Impunity,No,No,Yes,,,,,,,,,
,Confirmed,Niloy Neel,,Bangladesh,,,Male,,,Journalist,,Murder,Killed,Freelance,Freelance,Internet Reporter,"Culture,Human Rights,Politics",Internet,Bangladesh,Dhaka,,,Dhaka,,Local,Political Group,Confirmed,,,Complete Impunity,No,No,Yes,,,,,,,,,
,Confirmed,Noureddine Hashim,,Syria,,,Male,,,Journalist,,Crossfire,Killed,Staff,Al Etihad Press,"Broadcast Reporter,Photographer,Internet Reporter",War,"Television,Internet",Syria,Damascus,,,Damascus,,Local,Military Officials,Confirmed,,,,No,No,No,,,,,,,,,
,Confirmed,Obada Ghazal,,Syria,,,Male,,,Journalist,,Crossfire,Killed,Staff,SMART News Agency,"Camera Operator,Photographer,Internet Reporter",War,Television,Syria,"Taftanaz, Idlib province",,,"Taftanaz, Idlib province","Taftanaz, Idlib province",Local,Military Officials,Confirmed,,,,,,,,,,,,,,,
,Confirmed,Philippe Honoré,,France,,,Male,,,Journalist,,Murder,Killed,Freelance,Freelance,Columnist / Commentator,"Culture,Human Rights,Politics","Print,Internet",France,Paris,,,Paris,,Local,Political Group,Confirmed,,,Partial Impunity,No,No,Yes,,,,,,,,,
,Confirmed,Randa George,,South Sudan,,,Female,,,Journalist,,Murder,Killed,Staff,Raja FM,Broadcast Reporter,"Politics,War",Radio,South Sudan,Western Bahr al Ghazal state,,Western Bahr al Ghazal state,Western Bahr al Ghazal state,,Local,Political Group,Confirmed,,,Complete Impunity,No,No,No,,,,,,,,,
,Confirmed,Rubén Espinosa Becerril,,Mexico,,,Male,,,Journalist,,Murder,Killed,Staff,"Proceso, AVC Noticias, Cuartoscuro",Photographer,"Culture,Human Rights,Politics",Print,Mexico,Mexico City,,,Mexico City,,Local,Unknown Fire,Confirmed,,,Complete Impunity,Yes,No,Yes,,,,,,,,,
,Confirmed,Serhiy Nikolayev,,Ukraine,,,Male,,,Journalist,,Crossfire,Killed,Staff,Segodnya,Photographer,"Human Rights,War",Print,Ukraine,Peski,,,Peski,,Local,Unknown Fire,Confirmed,,,,No,No,No,,,,,,,,,
,Confirmed,Soleil Balanga,,Democratic Republic of the Congo,,,Male,,,Journalist,,Murder,Killed,Staff,Radio Monkoto Soso Aleli,Broadcast Reporter,"Culture,Politics",Radio,Democratic Republic of the Congo,"Monkoto, Equateur Province",,,"Monkoto, Equateur Province","Monkoto, Equateur Province",Local,Local Residents,Confirmed,,,Full Justice,No,No,No,,,,,,,,,
,Confirmed,Stephane Charbonnier (Charb),,France,,,Male,https://cpj-photos.s3-us-west-2.amazonaws.com/charb%252520000_Par7427869.jpg,AFP,Journalist,,Murder,Killed,Staff,Charlie Hebdo,Editor,"Culture,Human Rights,Politics","Print,Internet",France,Paris,,,Paris,,Local,Political Group,Confirmed,,,Partial Impunity,No,No,Yes,,,,,,,,,
,Confirmed,Thaer al-Ajlani,,Syria,,,Male,,,Journalist,,Crossfire,Killed,Freelance,Sham FM; al-Watan,"Broadcast Reporter,Camera Operator,Print Reporter",War,"Print,Radio,Television",Syria,Damascus,,,Damascus,,Local,Political Group,Confirmed,,,,,,,,,,,,,,,
,Confirmed,Thaer Al-Ali,,Iraq,,,Male,,,Journalist,,Murder,Killed,Staff,Rai al-Nas,Editor,"Corruption,Crime,Culture,Human Rights,Politics,War",Print,Iraq,Mosul,,,Mosul,,Local,Political Group,Confirmed,,,Complete Impunity,No,Yes,No,,,,,,,,,
,Confirmed,Wasem Aledel,,Syria,,,Male,,,Journalist,,Crossfire,Killed,Staff,Maarat Media Center,"Camera Operator,Photographer,Internet Reporter","Human Rights,Politics,War","Television,Internet",Syria,"Binin, Idlib province ",,,"Binin, Idlib province ","Binin, Idlib province ",Local,Military Officials,Confirmed,,,,No,No,No,,,,,,,,,
,Confirmed,Washiqur Rahman Babu,,Bangladesh,,,Male,,,Journalist,,Murder,Killed,Freelance,Freelance,Internet Reporter,"Culture,Human Rights,Politics",Internet,Bangladesh,Dhaka,,,Dhaka,,Local,Political Group,Confirmed,,,Complete Impunity,No,No,Yes,,,,,,,,,
,Confirmed,Yahya Abdul Hamid,,Iraq,,,Male,,,Journalist,,Murder,Killed,Staff,Radio Rasheed,Editor,"Corruption,Crime,Human Rights,Politics",Radio,Iraq,Mosul,,,Mosul,,Local,Political Group,Confirmed,,,Complete Impunity,No,Yes,No,,,,,,,,,
,Confirmed,Youssef al-Ayzari,,Yemen,,,Male,,,Journalist,,Crossfire,Killed,Staff,Suhail TV,Broadcast Reporter,"Politics,War",Television,Yemen,Dhamar,,,Dhamar,,Local,Military Officials,Confirmed,,,,No,Yes,No,,,,,,,,,
,Confirmed,Zakaria Ibrahim,,Syria,,,Male,,,Journalist,,Crossfire,Killed,Staff,Al-Jazeera,Camera Operator,War,Television,Syria,"Taldou, Homs province",,,"Taldou, Homs province","Taldou, Homs province",Local,Military Officials,Confirmed,,,,No,No,No,,,,,,,,,
,Confirmed,Zaman Mehsud,,Pakistan,,,Male,,,Journalist,,Murder,Killed,Freelance,"Daily Ummat, Daily Nai Baat",Print Reporter,"Human Rights,Politics",Print,Pakistan,Tank,,,Tank,,Local,Political Group,Confirmed,,,Complete Impunity,No,No,No,,,,,,,,,